{
    "config": {
        "mongo_uri": "mongodb://root:CV3d!GXxZp4aApx@1.95.190.99:27017/admin",
        "db_name": "TRAING_DATA",
        "collection_name": "WEIBO_21",
        "selected_features": [
            "P1",
            "P2",
            "P3",
            "P4",
            "P5",
            "P6",
            "P7",
            "P8"
        ],
        "num_conjuncts": 10,
        "num_epochs": 10,
        "patience": 5,
        "delta": 0.01,
        "delta_decay_delay": 100,
        "delta_decay_steps": 50,
        "delta_decay_rate": 0.1,
        "learning_rate": 0.001
    },
    "results": {
        "train_loss": [
            0.6849532864912592,
            0.6654659320007671,
            0.6354622858943362,
            0.609033593174183,
            0.5933843392013299,
            0.5852472143943863,
            0.5806303323820384,
            0.5782555862508639,
            0.576234007574091,
            0.5752247848896065
        ],
        "val_loss": [
            0.6815924596786499,
            0.6593116915225983,
            0.630611561536789,
            0.6066846144199372,
            0.5939993596076966,
            0.5887373769283295,
            0.583057998418808,
            0.5837369555234909,
            0.5807962083816528,
            0.5782243812084198
        ],
        "accuracy": [
            0.5132911392405063,
            0.5702531645569621,
            0.689873417721519,
            0.7170886075949368,
            0.7189873417721518,
            0.720253164556962,
            0.7272151898734177,
            0.7183544303797469,
            0.7221518987341772,
            0.7284810126582278
        ],
        "best_accuracy": 0.7284810126582278,
        "training_time": 42.014700412750244
    }
}